item_basic_name,item_basic_brand,item_basic_price,item_basic_rating_star,item_basic_display_sold_count_text
MAC MACXIMAL SLEEK SATIN / แมค ลิปสติกเนื้อซาติน MACXIMAL SLEEK SATIN,M.A.C(แมค),100000000,4.940566037735849,6k+
MAC MACXIMAL MATTE LIPSTICK / แมค ลิปสติก - ลิปสติกเนื้อแมตต์ติดทน 12 ชม. ริมฝีปากชุ่มชื้นยาวนาน,M.A.C(แมค),50000000,4.953333333333333,9k+
MAC Locked Kiss Ink™ 24HR Lipcolour 4ML / แมค ลิควิดลิปสติก ล็อคสีสันให้ริมฝีปากคงความสดใสตลอด,M.A.C(แมค),140000000,4.962962962962963,2k+
[New] MAC PowderKiss Hazy Matte Lipstick แมค ลิปสติก - ลิปสติกเนื้อแมตต์ บางเบาที่เบลอได้อย่างสมบูรณ์แบบ,,110000000,4.937048503611971,2k+
ลิปสติก  M.A.C Powder Kiss Lipstick #314 #316 #923 #930#813#928 เนื้อMatte 3g ลิป ลิปสติก,,21000000,4.5,20
MAC Lipstick Lustreglass Sheer-Shine 3g ลิปเนื้อชุ่มชื้น เบาสบาย ไม่แห้งริมฝีปาก,,32800000,4.538461538461538,36
MAC MACXIMAL MATTE MINI LIPSTICK 1.5G / แมค ลิปสติก MATTE MINI เนื้อแมตต์ติดทน,M.A.C(แมค),65000000,4.909558067831449,5k+
MAC Lipstick 3g ลิปสติแมค Lipstick#707 Ruby Woo ลิปสติกยอดฮิต เนื้อแมตต์หรู กันน้ำได้,,26900000,5,15
[New] MAC PowderKiss Lip and Cheek Mousse แมค ลิปสติก - ลิปเนื้อมูสแมตต์ที่มอบความชุ่มชื้นยาวนาน,,130000000,4.932584269662922,288
⚡️ส่งทันที⚡️ M·AC Powder Kiss Hazy Matte Lipstick 3.5g ลิปสติกเนื้อแมตต์,M.A.C(แมค),114000000,5,29
[มีสินค้าพร้อมส่ง] ลิปสติก Mac แมค พาวเดอร์ คิสซ์ #314 มัลอิตโอเวอร์ / #316 ดีโวเทด ทู ชิลลิ ของขวัญ ของแถม แพ็คสวย,M.A.C(แมค),15900000,5,15
MAC Powder Kiss Velvet Blur Slim Stick / ลิปสติกให้ความชุ่มชื้นพร้อมสีเมก้า แมตต์,,117300000,4.5,1
ลิปสติก M.A.C Powder Kiss Lipstick #314 #316 ลิป mac Matte / Satin พร้อมกล่องและถุงแบรนด์แถ,M.A.C(แมค),39900000,4.9,26
MAC Locked Kiss Ink 24HR Lipcolor / Lip Colour Liquid Lipstic 4ML,,82400000,5,4
🔥รุ่นล่าสุด🔥ของแท้💯ลิปสติก M.A.C Powder Kiss Lipstick สี#314 #316 #813 #607 mac ลิปสติก เนื้อแมท/ติดทนนาน,,17900000,4.552631578947368,109
MAC MINI MACXIMAL SLEEK SATIN / แมค ลิปสติกเนื้อซาติน MINI MACXIMAL SLEEK SATIN 1.5 G,M.A.C(แมค),65000000,4.932467532467532,991
(พร้อมส่ง/ของแท้💯) MAC Macximal Sleek Satin Lipstick 3.5g,Mac(แมค),79000000,5,19
"Mac ลิปสติก Retro Matte Lipstick (Ruby Woo) (3 กรัม) ",,89600000,5,6
【5 สีให้เลือก】 MAC Powder Kiss Lipstick 3g 108/707 /602/662/642,M.A.C(แมค),19900000,5,11
💥ใช้โค้ดลดสูงสุด 20%💥(แท้ 100% ป้ายห้าง/ป้าย King Power) MAC  Matte / Satin Lipsticks,M.A.C(แมค),59000000,5,12
แท้💯ลิปแมคแบ่งขาย ลิปสติกm.a.c powder kiss lipstickลิปสติกเนื้อแมท,Mac(แมค),12900000,5,11
【 แท้ 💯% 】  M.A.C Powder Kiss Lipstick MAC Lip Matte / Satin #813 #923 #646 #707,Mac(แมค),39000000,4.777777777777778,30
เวอร์ชันล่าสุด แมค ลิปสติก MAC POWDER KISS LIPSTICK 314 /316,,14000000,4.777777777777778,21
ลิปสติกMAC Powder Kiss Lipstick ลิปสติกแม คลิปmac Matte#602#646#108#707#662 3g,M.A.C(แมค),21800000,5,3
MAC MACXIMAL SLEEK SATIN (NUDES COLLECTION) / แมค ลิปสติกเนื้อซาติน MACXIMAL SLEEK SATIN (NUDES COLLECTION),M.A.C(แมค),100000000,5,77
MAC Nightmode Gloss Lipglass Air Duo / แมค เซ็ตลิปกลอส Nightmode Gloss Lipglass Air Duo,Mac(แมค),145000000,4.9411764705882355,81
ฟิกเกอร์ ลิปสติก M.A.C Powder Kiss Lipstick สี #508 #540 ลิปmac ลิปเนื้อSatin แถมฟรีกล่องและน้ำหอมเ,,51200000,5,3
[Full Size] MAC Mocha 813 | 3g | Satin Lipstick | M.A.C | แมค | ลิปสติก,M.A.C(แมค),55000000,4.661290322580645,146
"แท้100%Mac Matte Liptick ""สี Velvet Teddy"" ไซส์จริง  ป้ายฉลากไทย (ถ่ายจากสินค้าจริงนะคะ) สีชมพูนู้ดสวยมาก",Mac(แมค),89000000,5,2
(กล่องบุบ/ของแท้💯) MAC Powder kiss Lipstick 3g,Mac(แมค),49000000,5,11
[Full Size] MAC Diva 603 | 3g | Matte Lipstick | M.A.C | แมค | ลิปสติก,M.A.C(แมค),55000000,3.8333333333333335,14
MAC Lipglass Air / ลิปกลอส Lipglass Air สูตรบางเบา มอบความสบายให้ริมฝีปาก ฉ่ำวาวได้ในปาดเดียว,M.A.C(แมค),95000000,4.984848484848484,364
MAC Powder Kiss Liquid ลิปจิ้มจุ่มโทนสีใหม่ สดใสมีก่อนใคร,M.A.C(แมค),39900000,4.933333333333334,32
ลิปสติก M.A.C Powder Kiss Lipstick #314 #316 ลิป mac Matte / Satin พร้อมกล่องและถุงแบรนด์แถมน้ำหอม2ml,,53800000,5,12
Macximal Silky Matte Lipstick 3.5GM/.12OZ (Spring Collection) / แมค ลิปสติก Silky Matte,Mac(แมค),100000000,5,8
MAC LOCKED KISS INK LIP Tester Size ลิปสติกแมครุ่นใหม่ขนาดเทสเตอร์,Mac(แมค),29900000,5,7
MAC MACXIMAL SLEEK SATIN LIPSTICK 1.5g,,55000000,5,2
Mac Lipstick สี MULL IT OVER แบ่งขาย,Mac(แมค),13900000,4.5,4
(กล่องบุบ/ของแท้💯) MAC Powder kiss Lipstick 3g,Mac(แมค),49000000,5,11
Mac lipstick ขนาดจริง ตี50-98% ใช้แล้ว ดูปริมาณตามรูป รวมสีฮิต แท่งลอกไม่สวยบ้าง (ราคาเต็ม890),Mac(แมค),18000000,5,28
[Full Size] MAC Matte Lipstick | 3g | เนื้อ Matte | เนื้อ Satin | เนื้อ Lustre | เนื้อAmplified Creme | M.A.C,M.A.C(แมค),55000000,4.771929824561403,178
MAC MACXIMAL SILKY MATTE & LIP PENCIL/ แมค เซ็ตลิปสติก MACXIMAL SILKY MATTE & ลิปเพ็นซิล LIP PENCIL (Midnight Lip Color),Mac(แมค),140000000,5,39
[Full Size] MAC Brick O La - 102 | 3g | Lustre Lipstick | M.A.C | แมค | ลิปสติก,M.A.C(แมค),55000000,4.818181818181818,20
MAC Lustreglass Lipstick 3g สี Posh Pit/ Thanks It's MAC,Mac(แมค),79900000,5,6
[Full Size] MAC Sultry Move 921| M.A.C | Powderkiss Lipstick | 3g | แมค | ลิปสติก,Mac(แมค),59500000,5,10
แมค ลิปสติก MAC Powder Kiss Lipstick 3g.,M.A.C(แมค),45000000,4.917218543046357,588
ลิปสติก M.A.C Powder Kiss Lipstick สี #508 #540 ลิปmac ลิปเนื้อSatin แถมฟรีกล่องและน้ำหอมเทสเตอร์,,56800000,4.852941176470588,155
สิปสติกMAC Cosmetics Powder Kiss Velvet Blur Slim Stick สิปเนื้อกำมะหยีกึ่งแมตต์ ลิปmac แถมถุงของขว,,82000000,2,2
MAC LIP PENCIL / แมค ลิปเพ็นซิล LIP PENCIL,M.A.C(แมค),100000000,4.938461538461539,216
MAC​ Retro Matte​ Liquid​ Lipstick​ ลิปจิ้ทจุ่มเนื้อแมทสุดคลาสสิค,M.A.C(แมค),99000000,4.875,31
MAC LipGlass Blow Plumping Oil / แมค ลิปสติก ลิปออยล์เนื้อเข้มข้นสัมผัสสบายปาก,M.A.C(แมค),120000000,4.8,43
MAC Matte Lipstick - #646 Marrakesh 3.5g กรัมลิปสติก,M.A.C(แมค),110500000,4,3
ลิป Mac Retro Matte Lipstick 3g ป้ายคิง,M.A.C(แมค),56000000,5,7
MAC Lip Pencil สีSPICE ดินสอเขียนขอบปาก lip liner สร้างปากอิ่มชัด ช่วยให้ลิปติดทนนาน,Mac(แมค),79900000,5,18
MAC PREP + PRIME LIP / แมค ลิปสติกเนื้อครีม เตรียมผิวริมฝีปากให้เนียนนุ่มชุ่มชื่น,M.A.C(แมค),100000000,4.982758620689655,151
[Full Size] MAC Marrakesh 646 | 3g | Matte Lipstick | M.A.C | แมค | ลิปสติก,M.A.C(แมค),55000000,4.8,7
MAC Matte Lipstick - #602 Chili 3.5g  แมค ลิปสติกเนื้อแมท สีชิลลี่,M.A.C(แมค),94900000,4.5,3
MAC MATTE LIPSTICK 1.8g./0.06 oz ลิป เนื้อแมทเนียนนุ่ม ป้ายคิง Mini ผลิต 4/22,Mac(แมค),35900000,5,19
MAC Macximal Matte Lipstick 3.5g. ลิปสติกเนื้อซิลค์กี้แมตต์ Nongnabeauty,Mac(แมค),80000000,4.5,6
lip mac set 10 pieces in box,M.A.C(แมค),270000000,4.666666666666667,42
(สี It's Personal) Mac Powder Kiss Liquid Lipcolour ของแท้จากช็อปเกาหลี✔️ Pre-order ลิปติดทน 10 ชม,Mac(แมค),135000000,5,2
แมค ลิปสติก MAC Powder Kiss Lipstick 3g.,M.A.C(แมค),45000000,4.917218543046357,588
[Full Size] MAC Brick O La - 102 | 3g | Lustre Lipstick | M.A.C | แมค | ลิปสติก,M.A.C(แมค),55000000,4.818181818181818,20
(กล่องบุบ/ของแท้💯) MAC Powder kiss Lipstick 3g,Mac(แมค),49000000,5,11
ลิป Mac Retro Matte Lipstick 3g ป้ายคิง,M.A.C(แมค),56000000,5,7
"แท้💯 ลิป MAC matte satin lipstick rouge a levres 3g สี Taupe, Kinda sexy",M.A.C(แมค),59000000,4.894736842105263,274
MAC Lipglazer Glossy Liner / ลิปไลเนอร์เนื้อกลอส Lipglazer Glossy Liner,M.A.C(แมค),100000000,4.909090909090909,88
MAC Lip Pencil สีSPICE ดินสอเขียนขอบปาก lip liner สร้างปากอิ่มชัด ช่วยให้ลิปติดทนนาน,Mac(แมค),79900000,5,18
ลิปสติก MAC Powder Kiss Lipstickแมค แมท/ซาติน พร้อมกล่องและถุงแบรนด์แถมน้ำหอม2ml,,52800000,4.888888888888889,49
(พร้อมส่ง/ของแท้💯) MAC Macximal Sleek Satin Lipstick 3.5g,Mac(แมค),79000000,5,19
[Full Size] MAC Marrakesh 646 | 3g | Matte Lipstick | M.A.C | แมค | ลิปสติก,M.A.C(แมค),55000000,4.8,7
MAC Helmut Newton Retro Matte Liquid Lipcolour ลิปจิ้มจุ่ม เนื้อแมทช์ ของแท้ พร้อมส่ง,M.A.C(แมค),75000000,5,2
MAC Powder Kiss Lipstick 3g #316 Devoted To Chili,Mac(แมค),58000000,5,1
MAC Macximal Matte Lip #605 Honey Love,Mac(แมค),85000000,5,2
MAC IPSTICK ลิปสติก Mull it over/ devoted to Chili/ Marrakesh/ Turn to The Left/ Chili,M.A.C(แมค),179900000,5,7
MAC LUSTREGLASS LIPSTICK  เนื้อฉ่ำ ชุ่ม สบายปากมาก ทาลื่นปรื้ด,M.A.C(แมค),59900000,4.761904761904762,59
Mac LUSTREGLASS SHEER-SHINE LIPSTICK# Hug me ขนาดปกติ 3 g.,Mac(แมค),99900000,4.857142857142857,26
[Full Size] MAC Powderkiss Lipstick | 3g | แมค | ลิปสติก,M.A.C(แมค),59500000,4.722222222222222,37
MAC Macximal Lip DUO / MAC เซ็ตลิปสติก Macximal Lip DUO,M.A.C(แมค),166000000,5,23
รุ่นใหม่!! MACXIMAL SLEEK SATIN LIPSTICK ลิปสติกเนื้อครีมซาติน นุ่มลื่นติดทนนาน,Mac(แมค),79900000,4.964285714285714,63
Mac LUSTREGLASS SHEER-SHINE LIPSTICK# Hug me ขนาดปกติ 3 g.,Mac(แมค),99900000,4.857142857142857,26
MAC Helmut Newton Retro Matte Liquid Lipcolour ลิปจิ้มจุ่ม เนื้อแมทช์ ของแท้ พร้อมส่ง,M.A.C(แมค),75000000,5,2
MAC Lipstick​ สี 520 See Sheer เนื้อ Lustreglass กรอสที่ให้สีสวยแน่น ช่วยบำรุงปาก,M.A.C(แมค),105000000,5,9
ใหม่! MAC Locked Kiss Ink ลิควิดลิปติดทนนาน 24 ชั่วโมง กันน้ำ ขนาด 4ml ป้ายคิง ลิปไม่ติดเมส,Mac(แมค),92000000,5,17
MAC ลิปสติก POWDER KISS HAZY MATTE LIPSTICK 3.5 กรัม,Mac(แมค),92000000,5,89
รุ่นใหม่ 💄✨ MAC Powder Kiss Hazy Matte Lipstick 3.5g ลิปสติกเนื้อแมตต์บางเบา เบลอริมฝีปาก,,110000000,5,16
MAC Lipstick 3g ลิปสติแมค Lipstick#707 Ruby Woo ลิปสติกยอดฮิต เนื้อแมตต์หรู กันน้ำได้,,26900000,5,15
MAC Retro Matte Lipstick Shade 707 Ruby Woo 3g（Full Size）ลิปสติกแมค #707,,26900000,5,3
MAC Ximal Sleek Satin Lipstick 3.5g ฉลากไทยค่ะ,Mac(แมค),99000000,5,10
ป้ายคิง/ไทย2025💖SleekSatin💖MAC Macximal Sleek Satin Lipstick 3.5g.สี Setting Pretty เนื้อซาติน สีสดชัด พิกเมนต์แน่น,Mac(แมค),75900000,5,19
{เก็บโค้ดหน้าร้าน} [พร้อมส่ง] MAC Cosmetics Locked Kiss Ink / 24HR Lipstick,Mac(แมค),109900000,4.931034482758621,107
🍬Newly M.A.C ฉลากไทย/พร้อมส่ง All Shades available ลิปสติก Locked kiss ink 24hours,Mac(แมค),140000000,4.900826446280992,320
",MAC Lipstick ลิปแมค (ของแท้) please me ,kindasexy , mocha",,73700000,1,6
ป้ายคิง/ป้ายไทย2025⚡️M.A.C Macimal Matte Lipstick สี Kinda Sexy  ลิปสติกเนื้อแมทสีนู้ด ส้มอมชมพู สีที่ใช้ได้บ่อย,Mac(แมค),75900000,5,17
MAC LOCKED KISS INK 24HR Lipcolour 4ml ลิควิดลิปสติก,Mac(แมค),129000000,5,70
MAC Powder Kiss Velvet Blur ลิปMacเนื้อใหม่ เกลี่ยง่ายเนื้อฟุ้งนัวๆ,Mac(แมค),89900000,5,49
MAC Lipstick Macximal รุ่นใหม่ matte lipstick ขนาด 3.5g (ป้ายไทย),Mac(แมค),89000000,5,40
❤️Mac Macximal Matte Lipstick❤️,Mac(แมค),89000000,5,2
[Full Size] MAC Powderkiss Lipstick | 3g | แมค | ลิปสติก | M.A.C,M.A.C(แมค),59500000,5,11
MAC Locked Kiss Ink 4ml สินค้าจากคิงเพาเวอร์,Mac(แมค),109000000,5,30